{
    "SceneGUID": "f550a8e7-776b-44c4-8214-be4145669882",
    "Entities": [
        {
            "EntityName": "GameObject",
            "Position": {
                "x": -1.8000003099441529,
                "y": 0.0,
                "z": -6.499996185302734
            },
            "Scale": {
                "x": 1.0,
                "y": 1.0,
                "z": 1.0
            },
            "Rotation": {
                "x": 0.0,
                "y": 0.0,
                "z": 0.0
            },
            "ModelID": 0,
            "EntityID": 0
        },
        {
            "EntityName": "GameObject",
            "Position": {
                "x": 2.1000001430511476,
                "y": 0.0,
                "z": -2.3999998569488527
            },
            "Scale": {
                "x": 1.0,
                "y": 1.0,
                "z": 1.0
            },
            "Rotation": {
                "x": 0.0,
                "y": 0.0,
                "z": 0.0
            },
            "ModelID": 0,
            "EntityID": 1,
            "BehaviourName": "Player"
        }
    ]
}