{
    "SceneGUID": "cbaec6de-bb18-46e6-8e13-2a023c6decf9",
    "Entities": [
        {
            "MetadataComponent": {
                "EntityName": "Bone",
                "EntityID": 0
            },
            "UIComponent": {
                "TextureID": 41,
                "PositionX": 0.0,
                "PositionY": 0.0,
                "ScaleX": 0.800000011920929,
                "ScaleY": 0.4000000059604645,
                "Layer": 0.5,
                "Selectable": false,
                "Opcaity": 1.0
            }
        },
        {
            "MetadataComponent": {
                "EntityName": "CatchZone",
                "EntityID": 1
            },
            "UIComponent": {
                "TextureID": 15,
                "PositionX": 0.0,
                "PositionY": 0.05000000074505806,
                "ScaleX": 0.10000000149011612,
                "ScaleY": 0.07999999821186066,
                "Layer": 0.49000000953674319,
                "Selectable": false,
                "Opcaity": 1.0
            }
        },
        {
            "MetadataComponent": {
                "EntityName": "Head",
                "EntityID": 2
            },
            "UIComponent": {
                "TextureID": 42,
                "PositionX": 0.0,
                "PositionY": 0.3199999928474426,
                "ScaleX": 0.20000000298023225,
                "ScaleY": 0.30000001192092898,
                "Layer": 0.48000001907348635,
                "Selectable": false,
                "Opcaity": 1.0
            }
        }
    ]
}