{
    "SceneGUID": "9ac562e7-8909-4d4b-99b8-588c9616b6ab",
    "Entities": [
        {
            "MetadataComponent": {
                "EntityName": "Textbox",
                "EntityID": 0
            },
            "UIComponent": {
                "TextureName": "Textbox",
                "PositionX": 0.0,
                "PositionY": -0.6899999976158142,
                "ScaleX": 0.6000000238418579,
                "ScaleY": 0.30000001192092898,
                "Layer": 0.5,
                "Selectable": false,
                "Opcaity": 1.0,
                "Animated": false,
                "Rows": 1,
                "Cols": 1,
                "FrameInterval": 0.10000000149011612,
                "StayOnRow": true
            }
        },
        {
            "MetadataComponent": {
                "EntityName": "Scruffy",
                "EntityID": 1
            },
            "FontComponent": {
                "Family": "manga-temple",
                "PositionX": -0.10000000149011612,
                "PositionY": -0.5350000262260437,
                "ScaleX": 0.800000011920929,
                "ScaleY": 1.149999976158142,
                "ColorR": 0.5833333730697632,
                "ColorG": 0.20588235557079316,
                "ColorB": 0.0,
                "Text": "Scruffy"
            }
        },
        {
            "MetadataComponent": {
                "EntityName": "Row1",
                "EntityID": 2
            },
            "FontComponent": {
                "Family": "manga-temple",
                "PositionX": -0.47999998927116396,
                "PositionY": -0.625,
                "ScaleX": 0.6499999761581421,
                "ScaleY": 1.0499999523162842,
                "ColorR": 0.0,
                "ColorG": 0.0,
                "ColorB": 0.0,
                "Text": ""
            }
        }
    ]
}