{
    "SceneGUID": "059df46b-2e19-41b5-bb1f-fa5ff2b76521",
    "Entities": [
        {
            "MetadataComponent": {
                "EntityName": "Textbox",
                "EntityID": 0
            },
            "UIComponent": {
                "TextureName": "Textbox",
                "PositionX": -0.05000000074505806,
                "PositionY": 0.0,
                "ScaleX": 1.0,
                "ScaleY": 1.0,
                "Layer": 0.5,
                "Selectable": false,
                "Opcaity": 1.0,
                "Animated": false,
                "Rows": 1,
                "Cols": 1,
                "FrameInterval": 0.10000000149011612,
                "StayOnRow": true
            }
        },
        {
            "MetadataComponent": {
                "EntityName": "Scruffy",
                "EntityID": 1
            },
            "FontComponent": {
                "Family": "manga-temple",
                "PositionX": -0.3400000035762787,
                "PositionY": -0.6000000238418579,
                "ScaleX": 0.6000000238418579,
                "ScaleY": 0.8500000238418579,
                "ColorR": 0.037485603243112567,
                "ColorG": 0.22998526692390443,
                "ColorB": 0.7647058963775635,
                "Text": "Scruffy"
            }
        },
        {
            "MetadataComponent": {
                "EntityName": "Row1",
                "EntityID": 2
            },
            "FontComponent": {
                "Family": "manga-temple",
                "PositionX": -0.3400000035762787,
                "PositionY": -0.6800000071525574,
                "ScaleX": 0.6000000238418579,
                "ScaleY": 0.8500000238418579,
                "ColorR": 0.0,
                "ColorG": 0.0,
                "ColorB": 0.0,
                "Text": ""
            }
        }
    ]
}