{
    "SceneGUID": "a284c145-0c17-4658-873f-e6290eacfefa",
    "Entities": [
        {
            "MetadataComponent": {
                "EntityName": "Base",
                "EntityID": 0
            },
            "UIComponent": {
                "TextureName": "RopeFull",
                "PositionX": 0.0,
                "PositionY": 0.05000000074505806,
                "ScaleX": 0.699999988079071,
                "ScaleY": 0.12999999523162843,
                "Layer": 0.5,
                "Selectable": false,
                "Opcaity": 1.0,
                "Animated": false,
                "Rows": 1,
                "Cols": 1,
                "FrameInterval": 0.10000000149011612,
                "StayOnRow": true
            }
        },
        {
            "MetadataComponent": {
                "EntityName": "CatchZone",
                "EntityID": 1
            },
            "UIComponent": {
                "TextureName": "CatchZone",
                "PositionX": 0.0,
                "PositionY": 0.05000000074505806,
                "ScaleX": 0.10000000149011612,
                "ScaleY": 0.07999999821186066,
                "Layer": 0.49000000953674319,
                "Selectable": false,
                "Opcaity": 1.0,
                "Animated": false,
                "Rows": 1,
                "Cols": 1,
                "FrameInterval": 0.10000000149011612,
                "StayOnRow": true
            }
        },
        {
            "MetadataComponent": {
                "EntityName": "Head",
                "EntityID": 2
            },
            "UIComponent": {
                "TextureName": "DogHead",
                "PositionX": 0.0,
                "PositionY": 0.3199999928474426,
                "ScaleX": 0.20000000298023225,
                "ScaleY": 0.30000001192092898,
                "Layer": 0.48000001907348635,
                "Selectable": false,
                "Opcaity": 1.0,
                "Animated": false,
                "Rows": 1,
                "Cols": 1,
                "FrameInterval": 0.10000000149011612,
                "StayOnRow": true
            }
        },
        {
            "MetadataComponent": {
                "EntityName": "beware",
                "EntityID": 4
            },
            "FontComponent": {
                "Family": "manga-temple",
                "PositionX": -0.27000001072883608,
                "PositionY": -0.9300000071525574,
                "ScaleX": 0.699999988079071,
                "ScaleY": 0.8999999761581421,
                "ColorR": 0.8088235259056091,
                "ColorG": 0.0,
                "ColorB": 0.0,
                "Text": "Beware of surroundings!",
                "Layer": 0.49000000953674319
            }
        },
        {
            "MetadataComponent": {
                "EntityName": "esc white",
                "EntityID": 5
            },
            "FontComponent": {
                "Family": "manga-temple",
                "PositionX": -0.16500000655651093,
                "PositionY": -0.8100000023841858,
                "ScaleX": 0.8999999761581421,
                "ScaleY": 1.0,
                "ColorR": 1.0,
                "ColorG": 1.0,
                "ColorB": 1.0,
                "Text": "ESC to leave",
                "Layer": 0.49000000953674319
            }
        },
        {
            "MetadataComponent": {
                "EntityName": "esc red",
                "EntityID": 6
            },
            "FontComponent": {
                "Family": "manga-temple",
                "PositionX": -0.16500000655651093,
                "PositionY": -0.8100000023841858,
                "ScaleX": 0.8999999761581421,
                "ScaleY": 1.0,
                "ColorR": 1.0,
                "ColorG": 0.0,
                "ColorB": 0.0,
                "Text": "ESC",
                "Layer": 0.48000001907348635
            }
        },
        {
            "MetadataComponent": {
                "EntityName": "pawprint",
                "EntityID": 3
            },
            "UIComponent": {
              "TextureName": "PawPrint",
              "PositionX": 0.0,
              "PositionY": -0.8,
              "ScaleX": 0.5,
              "ScaleY": 0.5,
              "Layer": 0.5,
              "Selectable": false,
              "Opcaity": 1.0,
              "Animated": false,
              "Rows": 1,
              "Cols": 1,
              "FrameInterval": 0.10000000149011612,
              "StayOnRow": true
          }
        }
    ]
}