{
    "SceneGUID": "7000d4a2-eb2b-4642-8ede-efa4396b7de6",
    "Entities": [
        {
            "MetadataComponent": {
                "EntityName": "Background",
                "EntityID": 0
            },
            "UIComponent": {
                "TextureName": "SettingsBG",
                "PositionX": 0.0,
                "PositionY": 0.0,
                "ScaleX": 1.100000023841858,
                "ScaleY": 1.100000023841858,
                "Layer": 0.4500000476837158,
                "Selectable": false,
                "Opcaity": 1.0,
                "Animated": false,
                "Rows": 1,
                "Cols": 1,
                "FrameInterval": 0.10000000149011612,
                "StayOnRow": true
            }
        },
        {
            "MetadataComponent": {
                "EntityName": "SFXLeft",
                "EntityID": 1
            },
            "UIComponent": {
                "TextureName": "LeftArrow",
                "PositionX": -0.029999999329447748,
                "PositionY": 0.12999999523162843,
                "ScaleX": 0.07999999821186066,
                "ScaleY": 0.15000000596046449,
                "Layer": 0.440000057220459,
                "Selectable": true,
                "Opcaity": 1.0,
                "Animated": false,
                "Rows": 1,
                "Cols": 1,
                "FrameInterval": 0.10000000149011612,
                "StayOnRow": true
            }
        },
        {
            "MetadataComponent": {
                "EntityName": "SFXRight",
                "EntityID": 2
            },
            "UIComponent": {
                "TextureName": "RightArrow",
                "PositionX": 0.41999998688697817,
                "PositionY": 0.12999999523162843,
                "ScaleX": 0.07999999821186066,
                "ScaleY": 0.15000000596046449,
                "Layer": 0.440000057220459,
                "Selectable": true,
                "Opcaity": 1.0,
                "Animated": false,
                "Rows": 1,
                "Cols": 1,
                "FrameInterval": 0.10000000149011612,
                "StayOnRow": true
            }
        },
        {
            "MetadataComponent": {
                "EntityName": "BGMLeft",
                "EntityID": 3
            },
            "UIComponent": {
                "TextureName": "LeftArrow",
                "PositionX": -0.029999999329447748,
                "PositionY": -0.23000000417232514,
                "ScaleX": 0.07999999821186066,
                "ScaleY": 0.15000000596046449,
                "Layer": 0.440000057220459,
                "Selectable": true,
                "Opcaity": 1.0,
                "Animated": false,
                "Rows": 1,
                "Cols": 1,
                "FrameInterval": 0.10000000149011612,
                "StayOnRow": true
            }
        },
        {
            "MetadataComponent": {
                "EntityName": "BGMRight",
                "EntityID": 4
            },
            "UIComponent": {
                "TextureName": "RightArrow",
                "PositionX": 0.41999998688697817,
                "PositionY": -0.23000000417232514,
                "ScaleX": 0.07999999821186066,
                "ScaleY": 0.15000000596046449,
                "Layer": 0.440000057220459,
                "Selectable": true,
                "Opcaity": 1.0,
                "Animated": false,
                "Rows": 1,
                "Cols": 1,
                "FrameInterval": 0.10000000149011612,
                "StayOnRow": true
            }
        },
        {
            "MetadataComponent": {
                "EntityName": "BlackScreenCover",
                "EntityID": 5
            },
            "UIComponent": {
                "TextureName": "BlackScreen",
                "PositionX": 0.0,
                "PositionY": 0.0,
                "ScaleX": 1.100000023841858,
                "ScaleY": 1.0,
                "Layer": 0.46000003814697268,
                "Selectable": false,
                "Opcaity": 0.699999988079071,
                "Animated": false,
                "Rows": 1,
                "Cols": 1,
                "FrameInterval": 0.10000000149011612,
                "StayOnRow": true
            }
        },
        {
            "MetadataComponent": {
                "EntityName": "SFX",
                "EntityID": 6
            },
            "FontComponent": {
                "Family": "manga-temple",
                "PositionX": -0.36000001430511477,
                "PositionY": 0.05000000074505806,
                "ScaleX": 2.0,
                "ScaleY": 3.0,
                "ColorR": 1.0,
                "ColorG": 1.0,
                "ColorB": 1.0,
                "Text": "SFX",
                "Layer": 0.0
            }
        },
        {
            "MetadataComponent": {
                "EntityName": "BGM",
                "EntityID": 7
            },
            "FontComponent": {
                "Family": "manga-temple",
                "PositionX": -0.36000001430511477,
                "PositionY": -0.30000001192092898,
                "ScaleX": 2.0,
                "ScaleY": 3.0,
                "ColorR": 1.0,
                "ColorG": 1.0,
                "ColorB": 1.0,
                "Text": "BGM",
                "Layer": 0.0
            }
        },
        {
            "MetadataComponent": {
                "EntityName": "BGMVol",
                "EntityID": 8
            },
            "FontComponent": {
                "Family": "manga-temple",
                "PositionX": 0.11999999731779099,
                "PositionY": -0.30000001192092898,
                "ScaleX": 2.5,
                "ScaleY": 4.0,
                "ColorR": 1.0,
                "ColorG": 1.0,
                "ColorB": 1.0,
                "Text": "10",
                "Layer": 0.0
            }
        },
        {
            "MetadataComponent": {
                "EntityName": "SFXVol",
                "EntityID": 9
            },
            "FontComponent": {
                "Family": "manga-temple",
                "PositionX": 0.11999999731779099,
                "PositionY": 0.05000000074505806,
                "ScaleX": 2.5,
                "ScaleY": 4.0,
                "ColorR": 1.0,
                "ColorG": 1.0,
                "ColorB": 1.0,
                "Text": "10",
                "Layer": 0.0
            }
        },
        {
            "MetadataComponent": {
                "EntityName": "GAMMALeft",
                "EntityID": 11
            },
            "UIComponent": {
                "TextureName": "LeftArrow",
                "PositionX": -0.029999999329447748,
                "PositionY": -0.5899999737739563,
                "ScaleX": 0.07999999821186066,
                "ScaleY": 0.15000000596046449,
                "Layer": 0.440000057220459,
                "Selectable": true,
                "Opcaity": 0.800000011920929,
                "Animated": false,
                "Rows": 1,
                "Cols": 1,
                "FrameInterval": 0.10000000149011612,
                "StayOnRow": true
            }
        },
        {
            "MetadataComponent": {
                "EntityName": "GAMMARight",
                "EntityID": 12
            },
            "UIComponent": {
                "TextureName": "RightArrow",
                "PositionX": 0.41999998688697817,
                "PositionY": -0.5899999737739563,
                "ScaleX": 0.07999999821186066,
                "ScaleY": 0.15000000596046449,
                "Layer": 0.440000057220459,
                "Selectable": true,
                "Opcaity": 1.0,
                "Animated": false,
                "Rows": 1,
                "Cols": 1,
                "FrameInterval": 0.10000000149011612,