{
    "SceneGUID": "aca2db8b-2b20-4a6d-b36c-ce716bfb9ac7",
    "Entities": [
        {
            "MetadataComponent": {
                "EntityName": "Group",
                "EntityID": 0
            },
            "UIComponent": {
                "TextureName": "Group53",
                "PositionX": 0.8299999833106995,
                "PositionY": 0.800000011920929,
                "ScaleX": 0.11999999731779099,
                "ScaleY": 0.11999999731779099,
                "Layer": 0.5,
                "Selectable": false,
                "Opcaity": 1.0
            }
        }
    ]
}