{
    "SceneGUID": "b03058d6-36f8-4c9f-ac52-f1d9e46475f8",
    "Entities": [
        {
            "MetadataComponent": {
                "EntityName": "GameObject",
                "EntityID": 0
            },
            "TransformComponent": {
                "Position": {
                    "x": -0.6000000238418579,
                    "y": 0.44999998807907107,
                    "z": 0.0
                },
                "Scale": {
                    "x": 0.29999998211860659,
                    "y": 0.550000011920929,
                    "z": 1.0
                },
                "Rotation": {
                    "x": 0.0,
                    "y": 0.0,
                    "z": 0.0
                },
                "RotationPivotOffset": {
                    "x": 0.0,
                    "y": 0.0,
                    "z": 0.0
                }
            },
            "UIComponent": {
                "TextureID": 51,
                "TopLeftX": -0.8999999761581421,
                "TopLeftY": 1.0,
                "BottomRightX": -0.30000001192092898,
                "BottomRightY": -0.10000000149011612
            }
        },
        {
            "MetadataComponent": {
                "EntityName": "GameObject",
                "EntityID": 1
            },
            "TransformComponent": {
                "Position": {
                    "x": 0.6499999761581421,
                    "y": -0.4000000059604645,
                    "z": 0.0
                },
                "Scale": {
                    "x": 0.15000000596046449,
                    "y": 0.20000001788139344,
                    "z": 1.0
                },
                "Rotation": {
                    "x": 0.0,
                    "y": 0.0,
                    "z": 0.0
                },
                "RotationPivotOffset": {
                    "x": 0.0,
                    "y": 0.0,
                    "z": 0.0
                }
            },
            "UIComponent": {
                "TextureID": 3,
                "TopLeftX": 0.5,
                "TopLeftY": -0.20000000298023225,
                "BottomRightX": 0.800000011920929,
                "BottomRightY": -0.6000000238418579
            }
        }
    ]
}