{
    "SceneGUID": "308ddc4b-a420-4816-a270-48afb47d2692",
    "Entities": [
        {
            "MetadataComponent": {
                "EntityName": "folder_UI",
                "EntityID": 0
            },
            "TransformComponent": {
                "Position": {
                    "x": -0.5,
                    "y": 0.0,
                    "z": 0.0
                },
                "Scale": {
                    "x": 0.30000001192092898,
                    "y": 0.4000000059604645,
                    "z": 1.0
                },
                "Rotation": {
                    "x": 0.0,
                    "y": 0.0,
                    "z": 0.0
                },
                "RotationPivotOffset": {
                    "x": 0.0,
                    "y": 0.0,
                    "z": 0.0
                }
            },
            "UIComponent": {
                "TextureID": 51,
                "PositionX": -0.5,
                "PositionY": 0.0,
                "ScaleX": 0.30000001192092898,
                "ScaleY": 0.4000000059604645
            }
        },
        {
            "MetadataComponent": {
                "EntityName": "otherUI",
                "EntityID": 1
            },
            "TransformComponent": {
                "Position": {
                    "x": 0.5,
                    "y": 0.0,
                    "z": 0.0
                },
                "Scale": {
                    "x": 0.30000001192092898,
                    "y": 0.30000001192092898,
                    "z": 1.0
                },
                "Rotation": {
                    "x": 0.0,
                    "y": 0.0,
                    "z": 0.0
                },
                "RotationPivotOffset": {
                    "x": 0.0,
                    "y": 0.0,
                    "z": 0.0
                }
            },
            "UIComponent": {
                "TextureID": 5,
                "PositionX": 0.5,
                "PositionY": 0.0,
                "ScaleX": 0.30000001192092898,
                "ScaleY": 0.30000001192092898
            }
        }
    ]
}